pid,elevation,slope,aspect,ghi,temperature,cloud_cover,accessibility,ndvi,ndbi,lst,landcover,nightlights,population,biome,worldcover,site
S0,169.15667724609375,0.5910575985908508,22.813730239868164,5.746135234832764,27.20941734313965,25.351375579833984,143,0.13289999961853027,0.1067671999335289,34.029998779296875,16,3.179999828338623,6.698270320892334,13,60,"Bhadla Solar Park, India"
S1,2120.613525390625,4.62366247177124,98.7273941040039,7.228329658508301,15.445490837097168,9.105957984924316,350,0.06350000202655792,0.024342266842722893,35.279998779296875,16,0.3199999928474426,0.0,13,60,"Atacama Desert, Chile"
S2,29.758886337280273,0.30616530776023865,229.5637969970703,5.39294958114624,28.41921043395996,68.18174743652344,51,0.41964998841285706,0.03678678721189499,34.2599983215332,10,0.7400000095367432,552.0634765625,13,50,"Kamuthi Solar Park, India"
S3,754.5960083007812,1.349837303161621,82.51195526123047,6.657436847686768,24.168169021606445,11.990083694458008,2230,0.09000000357627869,0.10273125022649765,33.790000915527344,16,0.3199999928474426,0.0,13,60,"Central Sahara, Algeria"
S4,1492.6256103515625,0.6214439868927002,257.5219421386719,5.7834930419921875,12.432090759277344,37.29279327392578,256,0.10554999858140945,-0.007598784286528826,26.489999771118164,16,0.7350000143051147,0.0,13,60,"Nevada desert (Tonopah), USA"
S5,145.21031188964844,0.4042472243309021,54.17017364501953,6.555191993713379,26.04680633544922,8.220292091369629,45,0.09080000221729279,0.14786112308502197,36.779998779296875,16,1.2200000286102295,0.0,13,50,"Benban Solar Park, Egypt"
S6,1269.17724609375,4.067346572875977,142.17727661132812,4.914793014526367,11.262494087219238,49.883914947509766,13,0.13654999434947968,0.18679974973201752,22.489999771118164,10,2.869999885559082,0.0,13,50,"Tengger Desert Solar Park, China"
S7,1272.2816162109375,0.9501784443855286,135.25294494628906,5.979672431945801,18.06097984313965,30.41754150390625,38,0.08389999717473984,0.07684210687875748,28.020000457763672,16,1.0850000381469727,0.0,12,60,"Noor Ouarzazate, Morocco"
S8,39.16450500488281,6.406342029571533,36.441585540771484,2.9974517822265625,10.419293403625488,72.86753845214844,0,0.2567000091075897,0.010386047884821892,16.510000228881836,13,75.72500610351562,5643.4765625,4,10,"Berlin city centre, Germany"
S9,58.56197738647461,1.1224372386932373,343.1351623535156,4.575774669647217,26.11768341064453,80.54362487792969,1544,0.8650000095367432,-0.39868786931037903,26.5,2,0.27000001072883606,0.0,1,10,"Amazon rainforest, Brazil"
S10,311.8136901855469,3.3363471031188965,214.89027404785156,2.9054877758026123,-2.6369669437408447,71.8445816040039,1115,0.6643000245094299,-0.35380029678344727,-4.570000171661377,8,0.4950000047683716,0.0,6,10,"Siberian taiga, Russia"
S11,3016.191162109375,0.17118678987026215,0.0,3.5785393714904785,-25.118257522583008,50.220123291015625,17827,,-0.7562310099601746,-29.469999313354492,15,1.0299999713897705,0.0,11,70,Greenland ice sheet
