lat,lon,ghi,ghi_monthly,temperature,temperature_monthly,cloud_cover,cloud_cover_monthly
7.5,75.5,5.4003,"[5.539, 6.1542, 6.3339, 6.0447, 5.1203, 4.914, 5.069, 5.4023, 5.5676, 5.2258, 4.6279, 4.858]",27.98,"[27.38, 27.6, 28.27, 28.98, 29.16, 28.51, 27.8, 27.57, 27.55, 27.66, 27.61, 27.69]",67.91,"[49.1, 43.35, 45.56, 55.95, 77.01, 84.57, 84.02, 80.34, 76.46, 76.43, 76.15, 64.47]"
7.5,76.0,5.4617,"[5.616, 6.2597, 6.3882, 6.0333, 5.1677, 5.0435, 5.2627, 5.5273, 5.6522, 5.223, 4.5779, 4.8435]",27.94,"[27.33, 27.58, 28.25, 28.97, 29.15, 28.43, 27.65, 27.49, 27.52, 27.63, 27.61, 27.66]",68.26,"[48.68, 42.3, 46.54, 58.88, 76.52, 83.76, 82.67, 80.01, 76.42, 78.09, 77.85, 65.77]"
7.5,76.5,5.4617,"[5.616, 6.2597, 6.3882, 6.0333, 5.1677, 5.0435, 5.2627, 5.5273, 5.6522, 5.223, 4.5779, 4.8435]",27.94,"[27.33, 27.58, 28.25, 28.97, 29.15, 28.43, 27.65, 27.49, 27.52, 27.63, 27.61, 27.66]",68.26,"[48.68, 42.3, 46.54, 58.88, 76.52, 83.76, 82.67, 80.01, 76.42, 78.09, 77.85, 65.77]"
7.5,77.0,5.5861,"[5.613, 6.2843, 6.4547, 6.1209, 5.4444, 5.3828, 5.5131, 5.8127, 5.8387, 5.3098, 4.5328, 4.7737]",27.84,"[27.22, 27.5, 28.22, 28.95, 29.09, 28.25, 27.38, 27.26, 27.42, 27.57, 27.61, 27.58]",67.73,"[49.66, 43.59, 45.93, 57.86, 73.79, 81.34, 80.8, 77.59, 75.34, 78.19, 79.34, 67.83]"
7.5,77.5,5.5861,"[5.613, 6.2843, 6.4547, 6.1209, 5.4444, 5.3828, 5.5131, 5.8127, 5.8387, 5.3098, 4.5328, 4.7737]",27.69,"[26.98, 27.3, 28.18, 28.94, 28.99, 28.0, 27.07, 27.01, 27.29, 27.49, 27.58, 27.45]",67.73,"[49.66, 43.59, 45.93, 57.86, 73.79, 81.34, 80.8, 77.59, 75.34, 78.19, 79.34, 67.83]"
7.5,78.0,5.6679,"[5.4007, 6.1197, 6.4656, 6.2007, 5.628, 5.6994, 5.7536, 6.0306, 6.0087, 5.4596, 4.635, 4.65]",27.64,"[26.9, 27.15, 28.09, 28.89, 28.94, 27.91, 27.02, 26.93, 27.29, 27.5, 27.61, 27.46]",68.51,"[58.26, 50.1, 48.89, 59.56, 71.71, 76.73, 76.24, 73.77, 72.61, 77.99, 81.46, 73.61]"
7.5,78.5,5.6679,"[5.4007, 6.1197, 6.4656, 6.2007, 5.628, 5.6994, 5.7536, 6.0306, 6.0087, 5.4596, 4.635, 4.65]",27.72,"[26.96, 27.23, 28.16, 28.87, 28.97, 28.02, 27.19, 27.04, 27.41, 27.56, 27.68, 27.5]",68.51,"[58.26, 50.1, 48.89, 59.56, 71.71, 76.73, 76.24, 73.77, 72.61, 77.99, 81.46, 73.61]"
7.5,79.0,5.6764,"[5.4762, 6.1553, 6.5123, 6.2393, 5.4973, 5.6447, 5.7253, 5.9063, 5.9091, 5.4836, 4.8645, 4.7448]",27.72,"[26.96, 27.23, 28.16, 28.87, 28.97, 28.02, 27.19, 27.04, 27.41, 27.56, 27.68, 27.5]",67.08,"[52.63, 46.65, 49.85, 62.1, 73.39, 75.79, 74.45, 73.36, 72.46, 76.55, 77.15, 69.32]"
7.5,79.5,5.6764,"[5.4762, 6.1553, 6.5123, 6.2393, 5.4973, 5.6447, 5.7253, 5.9063, 5.9091, 5.4836, 4.8645, 4.7448]",27.72,"[26.75, 27.26, 28.35, 28.88, 28.93, 28.08, 27.34, 27.2, 27.5, 27.55, 27.56, 27.25]",67.08,"[52.63, 46.65, 49.85, 62.1, 73.39, 75.79, 74.45, 73.36, 72.46, 76.55, 77.15, 69.32]"
7.5,80.0,5.1856,"[4.8649, 5.6711, 6.1213, 5.8961, 5.2926, 5.1468, 5.0941, 5.2028, 5.2921, 5.0426, 4.4748, 4.1741]",26.82,"[25.19, 26.18, 27.86, 28.25, 27.9, 27.27, 26.82, 26.83, 26.9, 26.71, 26.25, 25.69]",71.92,"[62.33, 55.42, 54.97, 66.06, 74.61, 80.15, 81.75, 81.05, 76.47, 77.53, 76.99, 74.55]"
7.5,80.5,5.1856,"[4.8649, 5.6711, 6.1213, 5.8961, 5.2926, 5.1468, 5.0941, 5.2028, 5.2921, 5.0426, 4.4748, 4.1741]",25.06,"[22.87, 23.75, 25.44, 26.73, 26.35, 25.75, 25.5, 25.61, 25.59, 25.25, 24.28, 23.55]",71.92,"[62.33, 55.42, 54.97, 66.06, 74.61, 80.15, 81.75, 81.05, 76.47, 77.53, 76.99, 74.55]"
7.5,81.0,5.3466,"[4.4412, 5.2423, 6.035, 6.0294, 5.8011, 5.734, 5.6827, 5.8261, 5.7927, 5.2895, 4.3944, 3.9]",26.29,"[23.72, 24.41, 25.81, 27.38, 27.69, 27.3, 27.44, 27.8, 27.64, 26.7, 25.15, 24.4]",67.19,"[65.66, 58.35, 52.55, 58.79, 66.76, 70.06, 71.89, 71.22, 68.79, 71.57, 75.22, 74.69]"
8.0,75.5,5.2932,"[5.4745, 6.043, 6.2529, 5.949, 5.0539, 4.6362, 4.8208, 5.241, 5.4212, 5.0748, 4.6864, 4.9164]",27.99,"[27.43, 27.68, 28.32, 29.02, 29.19, 28.49, 27.67, 27.49, 27.51, 27.66, 27.66, 27.77]",68.74,"[44.95, 42.26, 48.0, 59.54, 78.01, 86.75, 87.35, 83.16, 79.01, 78.86, 75.31, 60.11]"
8.0,76.0,5.366,"[5.5686, 6.2079, 6.3948, 6.0875, 5.1545, 4.8331, 4.9348, 5.2978, 5.438, 5.079, 4.5938, 4.8605]",27.93,"[27.44, 27.73, 28.36, 29.0, 29.17, 28.33, 27.41, 27.32, 27.44, 27.6, 27.64, 27.73]",65.62,"[39.15, 36.31, 43.96, 58.48, 75.29, 83.66, 84.56, 80.12, 75.89, 76.78, 73.68, 57.89]"
8.0,76.5,5.366,"[5.5686, 6.2079, 6.3948, 6.0875, 5.1545, 4.8331, 4.9348, 5.2978, 5.438, 5.079, 4.5938, 4.8605]",27.93,"[27.44, 27.73, 28.36, 29.0, 29.17, 28.33, 27.41, 27.32, 27.44, 27.6, 27.64, 27.73]",65.62,"[39.15, 36.31, 43.96, 58.48, 75.29, 83.66, 84.56, 80.12, 75.89, 76.78, 73.68, 57.89]"
8.0,77.0,5.2256,"[5.1425, 5.8671, 6.075, 5.8483, 5.4092, 5.129, 5.0181, 5.3775, 5.4469, 4.9134, 4.1831, 4.3467]",27.78,"[27.4, 27.87, 28.51, 28.99, 29.0, 27.96, 26.92, 26.88, 27.18, 27.47, 27.64, 27.6]",68.63,"[52.58, 45.6, 48.75, 60.95, 71.86, 79.85, 83.28, 78.88, 75.18, 77.96, 78.88, 68.38]"
8.0,77.5,5.2256,"[5.1425, 5.8671, 6.075, 5.8483, 5.4092, 5.129, 5.0181, 5.3775, 5.4469, 4.9134, 4.1831, 4.3467]",27.59,"[26.75, 27.53, 28.7, 29.28, 28.91, 27.71, 26.86, 26.85, 27.08, 27.28, 27.26, 26.91]",68.63,"[52.58, 45.6, 48.75, 60.95, 71.86, 79.85, 83.28, 78.88, 75.18, 77.96, 78.88, 68.38]"
8.0,78.0,5.5632,"[5.2177, 5.993, 6.4048, 6.2343, 5.7754, 5.7364, 5.6097, 5.8405, 5.9561, 5.2894, 4.347, 4.3932]",27.65,"[26.69, 27.03, 28.13, 29.04, 29.01, 27.93, 27.2, 27.08, 27.29, 27.52, 27.61, 27.26]",60.29,"[46.35, 37.96, 37.74, 51.9, 61.82, 68.33, 72.79, 69.49, 65.99, 70.65, 74.17, 64.85]"
8.0,78.5,5.5632,"[5.2177, 5.993, 6.4048, 6.2343, 5.7754, 5.7364, 5.6097, 5.8405, 5.9561, 5.2894, 4.347, 4.3932]",27.73,"[26.85, 27.13, 28.14, 28.95, 29.05, 28.1, 27.34, 27.14, 27.39, 27.59, 27.69, 27.41]",60.29,"[46.35, 37.96, 37.74, 51.9, 61.82, 68.33, 72.79, 69.49, 65.99, 70.65, 74.17, 64.85]"
8.0,79.0,5.6436,"[5.2207, 6.0362, 6.5134, 6.3411, 5.8189, 5.8691, 5.777, 5.9514, 6.0775, 5.3477, 4.4452, 4.3656]",27.73,"[26.85, 27.13, 28.14, 28.95, 29.05, 28.1, 27.34, 27.14, 27.39, 27.59, 27.69, 27.41]",63.86,"[51.94, 43.47, 42.76, 56.41, 66.33, 70.76, 73.47, 70.99, 68.42, 74.42, 76.8, 69.22]"
8.0,79.5,5.6436,"[5.2207, 6.0362, 6.5134, 6.3411, 5.8189, 5.8691, 5.777, 5.9514, 6.0775, 5.3477, 4.4452, 4.3656]",27.75,"[26.65, 27.13, 28.34, 29.02, 29.03, 28.18, 27.46, 27.28, 27.51, 27.61, 27.54, 27.17]",63.86,"[51.94, 43.47, 42.76, 56.41, 66.33, 70.76, 73.47, 70.99, 68.42, 74.42, 76.8, 69.22]"
8.0,80.0,5.2849,"[4.6825, 5.5501, 6.1122, 6.0251, 5.6286, 5.5997, 5.5232, 5.5986, 5.6336, 5.0015, 4.1549, 3.9414]",27.12,"[25.17, 26.13, 27.97, 28.65, 28.28, 27.75, 27.43, 27.44, 27.48, 27.1, 26.31, 25.69]",68.61,"[62.28, 54.81, 52.65, 62.15, 68.23, 73.98, 76.01, 75.09, 71.49, 75.37, 76.97, 73.38]"
8.0,80.5,5.2849,"[4.6825, 5.5501, 6.1122, 6.0251, 5.6286, 5.5997, 5.5232, 5.5986, 5.6336, 5.0015, 4.1549, 3.9414]",26.35,"[23.96, 24.89, 26.67, 27.94, 27.51, 27.17, 27.19, 27.33, 27.2, 26.49, 25.25, 24.56]",68.61,"[62.28, 54.81, 52.65, 62.15, 68.23, 73.98, 76.01, 75.09, 71.49, 75.37, 76.97, 73.38]"
8.0,81.0,5.3719,"[4.7034, 5.5181, 6.1867, 6.2334, 5.7399, 5.6426, 5.549, 5.6862, 5.7077, 5.23, 4.3052, 3.9862]",27.31,"[24.97, 25.61, 26.92, 28.41, 28.51, 28.34, 28.47, 28.61, 28.44, 27.55, 26.21, 25.55]",62.85,"[56.19, 47.19, 42.57, 53.11, 62.98, 69.5, 71.48, 71.15, 68.27, 69.25, 72.19, 69.26]"
8.5,75.5,5.2932,"[5.4745, 6.043, 6.2529, 5.949, 5.0539, 4.6362, 4.8208, 5.241, 5.4212, 5.0748, 4.6864, 4.9164]",27.98,"[27.45, 27.72, 28.36, 29.04, 29.22, 28.44, 27.53, 27.38, 27.47, 27.64, 27.72, 27.83]",68.74,"[44.95, 42.26, 48.0, 59.54, 78.01, 86.75, 87.35, 83.16, 79.01, 78.86, 75.31, 60.11]"
8.5,76.0,5.366,"[5.5686, 6.2079, 6.3948, 6.0875, 5.1545, 4.8331, 4.9348, 5.2978, 5.438, 5.079, 4.5938, 4.8605]",27.88,"[27.49, 27.87, 28.5, 29.02, 29.12, 28.17, 27.08, 26.99, 27.28, 27.54, 27.71, 27.79]",65.62,"[39.15, 36.31, 43.96, 58.48, 75.29, 83.66, 84.56, 80.12, 75.89, 76.78, 73.68, 57.89]"
8.5,76.5,5.366,"[5.5686, 6.2079, 6.3948, 6.0875, 5.1545, 4.8331, 4.9348, 5.2978, 5.438, 5.079, 4.5938, 4.8605]",27.88,"[27.49, 27.87, 28.5, 29.02, 29.12, 28.17, 27.08, 26.99, 27.28, 27.54, 27.71, 27.79]",65.62,"[39.15, 36.31, 43.96, 58.48, 75.29, 83.66, 84.56, 80.12, 75.89, 76.78, 73.68, 57.89]"
8.5,77.0,5.2256,"[5.1425, 5.8671, 6.075, 5.8483, 5.4092, 5.129, 5.0181, 5.3775, 5.4469, 4.9134, 4.1831, 4.3467]",27.0,"[26.13, 27.72, 29.05, 29.0, 28.21, 26.93, 26.04, 25.99, 26.2, 26.47, 26.43, 25.98]",68.63,"[52.58, 45.6, 48.75, 60.95, 71.86, 79.85, 83.28, 78.88, 75.18, 77.96, 78.88, 68.38]"
8.5,77.5,5.2256,"[5.1425, 5.8671, 6.075, 5.8483, 5.4092, 5.129, 5.0181, 5.3775, 5.4469, 4.9134, 4.1831, 4.3467]",25.94,"[23.94, 25.95, 28.22, 28.76, 27.46, 26.03, 25.5, 25.66, 25.78, 25.58, 24.56, 23.88]",68.63,"[52.58, 45.6, 48.75, 60.95, 71.86, 79.85, 83.28, 78.88, 75.18, 77.96, 78.88, 68.38]"
8.5,78.0,5.5632,"[5.2177, 5.993, 6.4048, 6.2343, 5.7754, 5.7364, 5.6097, 5.8405, 5.9561, 5.2894, 4.347, 4.3932]",28.09,"[26.04, 27.13, 28.77, 29.96, 29.81, 28.87, 28.41, 28.46, 28.45, 28.01, 26.92, 26.25]",60.29,"[46.35, 37.96, 37.74, 51.9, 61.82, 68.33, 72.79, 69.49, 65.99, 70.65, 74.17, 64.85]"
8.5,78.5,5.5632,"[5.2177, 5.993, 6.4048, 6.2343, 5.7754, 5.7364, 5.6097, 5.8405, 5.9561, 5.2894, 4.347, 4.3932]",27.96,"[26.69, 27.03, 28.11, 29.12, 29.43, 28.69, 28.04, 27.77, 27.84, 27.86, 27.7, 27.26]",60.29,"[46.35, 37.96, 37.74, 51.9, 61.82, 68.33, 72.79, 69.49, 65.99, 70.65, 74.17, 64.85]"
8.5,79.0,5.6436,"[5.2207, 6.0362, 6.5134, 6.3411, 5.8189, 5.8691, 5.777, 5.9514, 6.0775, 5.3477, 4.4452, 4.3656]",27.96,"[26.69, 27.03, 28.11, 29.12, 29.43, 28.69, 28.04, 27.77, 27.84, 27.86, 27.7, 27.26]",63.86,"[51.94, 43.47, 42.76, 56.41, 66.33, 70.76, 73.47, 70.99, 68.42, 74.42, 76.8, 69.22]"
8.5,79.5,5.6436,"[5.2207, 6.0362, 6.5134, 6.3411, 5.8189, 5.8691, 5.777, 5.9514, 6.0775, 5.3477, 4.4452, 4.3656]",27.87,"[26.62, 27.06, 28.29, 29.16, 29.23, 28.47, 27.81, 27.51, 27.63, 27.76, 27.65, 27.18]",63.86,"[51.94, 43.47, 42.76, 56.41, 66.33, 70.76, 73.47, 70.99, 68.42, 74.42, 76.8, 69.22]"
8.5,80.0,5.2849,"[4.6825, 5.5501, 6.1122, 6.0251, 5.6286, 5.5997, 5.5232, 5.5986, 5.6336, 5.0015, 4.1549, 3.9414]",27.39,"[25.25, 26.08, 27.94, 28.99, 28.69, 28.28, 27.96, 27.85, 27.82, 27.38, 26.53, 25.85]",68.61,"[62.28, 54.81, 52.65, 62.15, 68.23, 73.98, 76.01, 75.09, 71.49, 75.37, 76.97, 73.38]"
8.5,80.5,5.2849,"[4.6825, 5.5501, 6.1122, 6.0251, 5.6286, 5.5997, 5.5232, 5.5986, 5.6336, 5.0015, 4.1549, 3.9414]",26.82,"[24.14, 25.02, 26.9, 28.36, 28.02, 27.98, 28.06, 28.1, 27.94, 26.92, 25.53, 24.78]",68.61,"[62.28, 54.81, 52.65, 62.15, 68.23, 73.98, 76.01, 75.09, 71.49, 75.37, 76.97, 73.38]"
8.5,81.0,5.3719,"[4.7034, 5.5181, 6.1867, 6.2334, 5.7399, 5.6426, 5.549, 5.6862, 5.7077, 5.23, 4.3052, 3.9862]",27.82,"[25.78, 26.32, 27.52, 28.84, 29.08, 28.86, 28.77, 28.79, 28.66, 27.93, 26.94, 26.32]",62.85,"[56.19, 47.19, 42.57, 53.11, 62.98, 69.5, 71.48, 71.15, 68.27, 69.25, 72.19, 69.26]"
9.0,75.5,5.2261,"[5.4418, 6.0195, 6.2712, 6.0571, 5.1054, 4.3336, 4.4888, 5.0081, 5.2819, 5.0651, 4.7446, 4.9519]",27.96,"[27.44, 27.73, 28.37, 29.03, 29.22, 28.4, 27.44, 27.22, 27.41, 27.61, 27.76, 27.84]",70.27,"[44.95, 42.54, 49.14, 60.66, 79.74, 89.79, 90.54, 86.59, 82.55, 81.2, 75.27, 58.62]"
9.0,76.0,5.2378,"[5.6188, 6.2323, 6.387, 6.0715, 5.1559, 4.4736, 4.3776, 4.7925, 5.079, 5.0608, 4.7285, 4.9458]",27.85,"[27.5, 28.2, 28.9, 29.14, 28.99, 27.98, 26.93, 26.77, 27.11, 27.42, 27.65, 27.67]",64.78,"[35.24, 33.01, 41.68, 58.71, 76.27, 86.34, 88.34, 83.88, 77.52, 74.79, 68.17, 51.57]"
9.0,76.5,5.2378,"[5.6188, 6.2323, 6.387, 6.0715, 5.1559, 4.4736, 4.3776, 4.7925, 5.079, 5.0608, 4.7285, 4.9458]",27.85,"[27.5, 28.2, 28.9, 29.14, 28.99, 27.98, 26.93, 26.77, 27.11, 27.42, 27.65, 27.67]",64.78,"[35.24, 33.01, 41.68, 58.71, 76.27, 86.34, 88.34, 83.88, 77.52, 74.79, 68.17, 51.57]"
9.0,77.0,5.2044,"[5.2466, 6.0203, 6.2699, 6.0561, 5.5596, 5.0245, 4.6584, 4.989, 5.1471, 4.8557, 4.3117, 4.3786]",25.86,"[24.65, 26.71, 28.44, 28.18, 27.06, 25.76, 25.01, 24.96, 25.09, 25.22, 24.96, 24.44]",67.98,"[45.35, 38.66, 45.4, 61.73, 73.43, 83.15, 87.01, 83.35, 78.3, 78.39, 75.57, 63.67]"
9.0,77.5,5.2044,"[5.2466, 6.0203, 6.2699, 6.0561, 5.5596, 5.0245, 4.6584, 4.989, 5.1471, 4.8557, 4.3117, 4.3786]",25.98,"[23.72, 26.02, 28.65, 29.18, 27.62, 26.09, 25.62, 25.67, 25.67, 25.47, 24.42, 23.64]",67.98,"[45.35, 38.66, 45.4, 61.73, 73.43, 83.15, 87.01, 83.35, 78.3, 78.39, 75.57, 63.67]"
9.0,78.0,5.5173,"[5.1594, 5.9413, 6.327, 6.2733, 5.925, 5.8032, 5.5664, 5.7363, 5.7445, 5.0588, 4.3485, 4.3649]",28.08,"[25.52, 27.39, 29.41, 30.49, 30.01, 28.95, 28.61, 28.64, 28.61, 27.84, 26.13, 25.37]",63.36,"[43.41, 37.83, 48.47, 58.2, 66.19, 74.03, 78.43, 75.89, 70.06, 73.1, 72.4, 60.7]"
9.0,78.5,5.5173,"[5.1594, 5.9413, 6.327, 6.2733, 5.925, 5.8032, 5.5664, 5.7363, 5.7445, 5.0588, 4.3485, 4.3649]",28.28,"[26.21, 27.06, 28.64, 29.77, 29.99, 29.36, 28.84, 28.68, 28.66, 28.24, 27.33, 26.56]",63.36,"[43.41, 37.83, 48.47, 58.2, 66.19, 74.03, 78.43, 75.89, 70.06, 73.1, 72.4, 60.7]"
9.0,79.0,5.5495,"[5.2092, 6.0282, 6.471, 6.3389, 5.8617, 5.8394, 5.6473, 5.8299, 5.8562, 5.0771, 4.216, 4.264]",28.28,"[26.21, 27.06, 28.64, 29.77, 29.99, 29.36, 28.84, 28.68, 28.66, 28.24, 27.33, 26.56]",57.18,"[39.13, 30.05, 32.11, 47.58, 59.58, 67.7, 73.24, 70.3, 67.24, 67.94, 69.88, 59.68]"
9.0,79.5,5.5495,"[5.2092, 6.0282, 6.471, 6.3389, 5.8617, 5.8394, 5.6473, 5.8299, 5.8562, 5.0771, 4.216, 4.264]",28.18,"[26.46, 27.01, 28.44, 29.57, 29.66, 29.07, 28.56, 28.24, 28.23, 28.15, 27.68, 26.98]",57.18,"[39.13, 30.05, 32.11, 47.58, 59.58, 67.7, 73.24, 70.3, 67.24, 67.94, 69.88, 59.68]"
9.0,80.0,5.3755,"[4.8499, 5.7058, 6.2894, 6.1937, 5.7522, 5.7307, 5.533, 5.6905, 5.6968, 4.9746, 4.0986, 4.0273]",27.77,"[25.49, 26.25, 28.08, 29.47, 29.22, 28.85, 28.56, 28.31, 28.2, 27.77, 26.85, 26.08]",60.38,"[50.31, 40.1, 38.69, 50.13, 62.09, 67.86, 72.46, 69.78, 66.58, 67.04, 72.67, 65.6]"
9.0,80.5,5.3755,"[4.8499, 5.7058, 6.2894, 6.1937, 5.7522, 5.7307, 5.533, 5.6905, 5.6968, 4.9746, 4.0986, 4.0273]",27.47,"[24.87, 25.63, 27.42, 29.02, 28.85, 28.77, 28.72, 28.61, 28.43, 27.54, 26.28, 25.5]",60.38,"[50.31, 40.1, 38.69, 50.13, 62.09, 67.86, 72.46, 69.78, 66.58, 67.04, 72.67, 65.6]"
9.0,81.0,5.6262,"[5.107, 5.9383, 6.526, 6.506, 6.0105, 5.8775, 5.7348, 5.9396, 5.9133, 5.2953, 4.4087, 4.2914]",28.08,"[26.2, 26.62, 27.69, 28.99, 29.42, 29.19, 28.93, 28.82, 28.7, 28.12, 27.37, 26.78]",63.23,"[54.67, 45.38, 39.49, 49.81, 64.33, 72.37, 73.91, 72.04, 71.16, 70.37, 75.09, 69.02]"
9.5,75.5,5.2261,"[5.4418, 6.0195, 6.2712, 6.0571, 5.1054, 4.3336, 4.4888, 5.0081, 5.2819, 5.0651, 4.7446, 4.9519]",27.95,"[27.46, 27.75, 28.42, 29.05, 29.24, 28.37, 27.38, 27.11, 27.35, 27.6, 27.8, 27.87]",70.27,"[44.95, 42.54, 49.14, 60.66, 79.74, 89.79, 90.54, 86.59, 82.55, 81.2, 75.27, 58.62]"
9.5,76.0,5.2378,"[5.6188, 6.2323, 6.387, 6.0715, 5.1559, 4.4736, 4.3776, 4.7925, 5.079, 5.0608, 4.7285, 4.9458]",27.93,"[27.78, 28.7, 29.42, 29.36, 28.9, 27.8, 26.81, 26.64, 26.95, 27.34, 27.68, 27.82]",64.78,"[35.24, 33.01, 41.68, 58.71, 76.27, 86.34, 88.34, 83.88, 77.52, 74.79, 68.17, 51.57]"
9.5,76.5,5.2378,"[5.6188, 6.2323, 6.387, 6.0715, 5.1559, 4.4736, 4.3776, 4.7925, 5.079, 5.0608, 4.7285, 4.9458]",27.93,"[27.78, 28.7, 29.42, 29.36, 28.9, 27.8, 26.81, 26.64, 26.95, 27.34, 27.68, 27.82]",64.78,"[35.24, 33.01, 41.68, 58.71, 76.27, 86.34, 88.34, 83.88, 77.52, 74.79, 68.17, 51.57]"
9.5,77.0,5.2044,"[5.2466, 6.0203, 6.2699, 6.0561, 5.5596, 5.0245, 4.6584, 4.989, 5.1471, 4.8557, 4.3117, 4.3786]",24.63,"[23.22, 25.28, 27.18, 27.25, 25.97, 24.48, 23.73, 23.7, 23.85, 24.03, 23.74, 23.2]",67.98,"[45.35, 38.66, 45.4, 61.73, 73.43, 83.15, 87.01, 83.35, 78.3, 78.39, 75.57, 63.67]"
9.5,77.5,5.2044,"[5.2466, 6.0203, 6.2699, 6.0561, 5.5596, 5.0245, 4.6584, 4.989, 5.1471, 4.8557, 4.3117, 4.3786]",25.04,"[22.69, 24.77, 27.41, 28.32, 27.12, 25.38, 24.84, 24.85, 24.77, 24.46, 23.34, 22.59]",67.98,"[45.35, 38.66, 45.4, 61.73, 73.43, 83.15, 87.01, 83.35, 78.3, 78.39, 75.57, 63.67]"
9.5,78.0,5.5173,"[5.1594, 5.9413, 6.327, 6.2733, 5.925, 5.8032, 5.5664, 5.7363, 5.7445, 5.0588, 4.3485, 4.3649]",27.96,"[24.95, 27.14, 29.65, 30.85, 30.22, 29.0, 28.8, 28.66, 28.39, 27.49, 25.61, 24.73]",63.36,"[43.41, 37.83, 48.47, 58.2, 66.19, 74.03, 78.43, 75.89, 70.06, 73.1, 72.4, 60.7]"
9.5,78.5,5.5173,"[5.1594, 5.9413, 6.327, 6.2733, 5.925, 5.8032, 5.5664, 5.7363, 5.7445, 5.0588, 4.3485, 4.3649]",28.35,"[25.37, 26.89, 29.12, 30.46, 30.39, 29.8, 29.65, 29.39, 29.08, 28.09, 26.45, 25.51]",63.36,"[43.41, 37.83, 48.47, 58.2, 66.19, 74.03, 78.43, 75.89, 70.06, 73.1, 72.4, 60.7]"
9.5,79.0,5.5495,"[5.2092, 6.0282, 6.471, 6.3389, 5.8617, 5.8394, 5.6473, 5.8299, 5.8562, 5.0771, 4.216, 4.264]",28.35,"[25.37, 26.89, 29.12, 30.46, 30.39, 29.8, 29.65, 29.39, 29.08, 28.09, 26.45, 25.51]",57.18,"[39.13, 30.05, 32.11, 47.58, 59.58, 67.7, 73.24, 70.3, 67.24, 67.94, 69.88, 59.68]"
9.5,79.5,5.5495,"[5.2092, 6.0282, 6.471, 6.3389, 5.8617, 5.8394, 5.6473, 5.8299, 5.8562, 5.0771, 4.216, 4.264]",28.39,"[26.17, 26.87, 28.5, 29.86, 29.98, 29.58, 29.27, 28.94, 28.81, 28.43, 27.53, 26.65]",57.18,"[39.13, 30.05, 32.11, 47.58, 59.58, 67.7, 73.24, 70.3, 67.24, 67.94, 69.88, 59.68]"
9.5,80.0,5.3755,"[4.8499, 5.7058, 6.2894, 6.1937, 5.7522, 5.7307, 5.533, 5.6905, 5.6968, 4.9746, 4.0986, 4.0273]",28.16,"[25.97, 26.63, 28.29, 29.79, 29.66, 29.23, 28.98, 28.68, 28.53, 28.21, 27.34, 26.54]",60.38,"[50.31, 40.1, 38.69, 50.13, 62.09, 67.86, 72.46, 69.78, 66.58, 67.04, 72.67, 65.6]"
9.5,80.5,5.3755,"[4.8499, 5.7058, 6.2894, 6.1937, 5.7522, 5.7307, 5.533, 5.6905, 5.6968, 4.9746, 4.0986, 4.0273]",28.05,"[25.91, 26.46, 27.88, 29.38, 29.5, 29.19, 28.96, 28.75, 28.6, 28.11, 27.25, 26.53]",60.38,"[50.31, 40.1, 38.69, 50.13, 62.09, 67.86, 72.46, 69.78, 66.58, 67.04, 72.67, 65.6]"
9.5,81.0,5.6262,"[5.107, 5.9383, 6.526, 6.506, 6.0105, 5.8775, 5.7348, 5.9396, 5.9133, 5.2953, 4.4087, 4.2914]",28.22,"[26.45, 26.79, 27.76, 29.07, 29.65, 29.36, 29.0, 28.79, 28.69, 28.24, 27.68, 27.09]",63.23,"[54.67, 45.38, 39.49, 49.81, 64.33, 72.37, 73.91, 72.04, 71.16, 70.37, 75.09, 69.02]"
10.0,75.5,5.2098,"[5.4907, 6.1327, 6.3451, 6.1557, 5.2377, 4.1538, 4.2379, 4.8882, 5.2664, 4.9733, 4.7656, 4.9381]",27.94,"[27.46, 27.81, 28.49, 29.09, 29.25, 28.35, 27.29, 27.0, 27.28, 27.61, 27.84, 27.86]",66.47,"[35.37, 32.26, 41.94, 56.42, 76.8, 90.28, 91.64, 87.24, 82.49, 79.17, 70.58, 51.41]"
10.0,76.0,5.0607,"[5.4154, 6.0874, 6.2119, 5.9106, 5.2445, 4.3743, 4.0595, 4.5019, 4.8716, 4.7834, 4.6085, 4.736]",27.4,"[27.29, 28.66, 29.49, 29.17, 28.34, 27.11, 26.17, 26.02, 26.27, 26.63, 26.85, 26.87]",66.88,"[35.71, 32.37, 43.9, 60.11, 77.76, 90.33, 92.63, 89.04, 81.73, 76.67, 67.72, 52.56]"
10.0,76.5,5.0607,"[5.4154, 6.0874, 6.2119, 5.9106, 5.2445, 4.3743, 4.0595, 4.5019, 4.8716, 4.7834, 4.6085, 4.736]",27.4,"[27.29, 28.66, 29.49, 29.17, 28.34, 27.11, 26.17, 26.02, 26.27, 26.63, 26.85, 26.87]",66.88,"[35.71, 32.37, 43.9, 60.11, 77.76, 90.33, 92.63, 89.04, 81.73, 76.67, 67.72, 52.56]"
10.0,77.0,5.3338,"[5.1515, 6.0259, 6.3073, 6.2079, 5.7943, 5.3543, 5.0257, 5.3468, 5.491, 4.9, 4.2058, 4.2557]",22.95,"[21.38, 23.32, 25.4, 25.86, 24.5, 22.82, 22.04, 22.03, 22.22, 22.44, 22.0, 21.43]",65.36,"[40.98, 33.42, 43.18, 58.33, 70.46, 82.17, 85.85, 83.02, 76.65, 75.05, 72.49, 60.79]"
10.0,77.5,5.3338,"[5.1515, 6.0259, 6.3073, 6.2079, 5.7943, 5.3543, 5.0257, 5.3468, 5.491, 4.9, 4.2058, 4.2557]",23.81,"[21.09, 23.0, 25.81, 27.33, 26.38, 24.43, 23.74, 23.74, 23.67, 23.33, 22.03, 21.13]",65.36,"[40.98, 33.42, 43.18, 58.33, 70.46, 82.17, 85.85, 83.02, 76.65, 75.05, 72.49, 60.79]"
10.0,78.0,5.4922,"[5.0608, 5.9562, 6.369, 6.4746, 6.0109, 5.7609, 5.5269, 5.6953, 5.6844, 5.0148, 4.2111, 4.1884]",27.35,"[23.81, 25.91, 28.91, 30.51, 30.14, 28.88, 28.5, 28.24, 27.86, 26.8, 24.78, 23.78]",61.56,"[40.27, 32.27, 39.68, 51.27, 64.28, 76.5, 81.5, 78.2, 73.13, 71.0, 70.05, 58.69]"
10.0,78.5,5.4922,"[5.0608, 5.9562, 6.369, 6.4746, 6.0109, 5.7609, 5.5269, 5.6953, 5.6844, 5.0148, 4.2111, 4.1884]",28.2,"[24.61, 26.46, 29.2, 30.81, 30.64, 30.07, 29.97, 29.54, 28.95, 27.69, 25.7, 24.69]",61.56,"[40.27, 32.27, 39.68, 51.27, 64.28, 76.5, 81.5, 78.2, 73.13, 71.0, 70.05, 58.69]"
10.0,79.0,5.3838,"[4.9155, 5.8369, 6.3049, 6.3248, 5.9056, 5.7277, 5.5081, 5.6834, 5.6209, 4.7983, 3.9786, 4.0452]",28.2,"[24.61, 26.46, 29.2, 30.81, 30.64, 30.07, 29.97, 29.54, 28.95, 27.69, 25.7, 24.69]",60.55,"[45.17, 37.1, 37.06, 47.06, 59.56, 71.89, 78.01, 74.12, 71.31, 69.39, 72.5, 62.0]"
10.0,79.5,5.3838,"[4.9155, 5.8369, 6.3049, 6.3248, 5.9056, 5.7277, 5.5081, 5.6834, 5.6209, 4.7983, 3.9786, 4.0452]",28.45,"[25.48, 26.63, 28.66, 30.21, 30.38, 30.15, 30.01, 29.56, 29.16, 28.34, 26.85, 25.85]",60.55,"[45.17, 37.1, 37.06, 47.06, 59.56, 71.89, 78.01, 74.12, 71.31, 69.39, 72.5, 62.0]"
10.0,80.0,5.5997,"[5.2343, 6.1047, 6.6242, 6.598, 6.0263, 5.8321, 5.6102, 5.8142, 5.7894, 5.0748, 4.2483, 4.2875]",28.32,"[26.11, 26.69, 28.19, 29.71, 29.87, 29.56, 29.37, 28.98, 28.77, 28.39, 27.49, 26.66]",61.08,"[47.54, 38.43, 34.61, 44.31, 62.34, 72.66, 76.84, 73.54, 71.47, 69.39, 74.48, 65.87]"
10.0,80.5,5.5997,"[5.2343, 6.1047, 6.6242, 6.598, 6.0263, 5.8321, 5.6102, 5.8142, 5.7894, 5.0748, 4.2483, 4.2875]",28.23,"[26.34, 26.7, 27.87, 29.3, 29.71, 29.35, 29.08, 28.75, 28.61, 28.31, 27.68, 26.99]",61.08,"[47.54, 38.43, 34.61, 44.31, 62.34, 72.66, 76.84, 73.54, 71.47, 69.39, 74.48, 65.87]"
10.0,81.0,5.5587,"[5.226, 6.0912, 6.6545, 6.5459, 5.9105, 5.7004, 5.4975, 5.7143, 5.646, 5.088, 4.3592, 4.3189]",28.25,"[26.49, 26.77, 27.72, 29.09, 29.74, 29.42, 29.05, 28.77, 28.65, 28.28, 27.78, 27.17]",65.79,"[55.33, 45.34, 39.16, 49.17, 67.31, 77.85, 79.31, 76.38, 76.63, 73.75, 77.79, 70.17]"
10.5,75.5,5.2098,"[5.4907, 6.1327, 6.3451, 6.1557, 5.2377, 4.1538, 4.2379, 4.8882, 5.2664, 4.9733, 4.7656, 4.9381]",27.89,"[27.5, 28.06, 28.78, 29.22, 29.16, 28.2, 27.07, 26.78, 27.06, 27.5, 27.75, 27.68]",66.47,"[35.37, 32.26, 41.94, 56.42, 76.8, 90.28, 91.64, 87.24, 82.49, 79.17, 70.58, 51.41]"
10.5,76.0,5.0607,"[5.4154, 6.0874, 6.2119, 5.9106, 5.2445, 4.3743, 4.0595, 4.5019, 4.8716, 4.7834, 4.6085, 4.736]",27.0,"[26.61, 28.45, 29.73, 29.4, 28.15, 26.66, 25.72, 25.59, 25.79, 26.14, 26.08, 25.83]",66.88,"[35.71, 32.37, 43.9, 60.11, 77.76, 90.33, 92.63, 89.04, 81.73, 76.67, 67.72, 52.56]"
10.5,76.5,5.0607,"[5.4154, 6.0874, 6.2119, 5.9106, 5.2445, 4.3743, 4.0595, 4.5019, 4.8716, 4.7834, 4.6085, 4.736]",27.0,"[26.61, 28.45, 29.73, 29.4, 28.15, 26.66, 25.72, 25.59, 25.79, 26.14, 26.08, 25.83]",66.88,"[35.71, 32.37, 43.9, 60.11, 77.76, 90.33, 92.63, 89.04, 81.73, 76.67, 67.72, 52.56]"
10.5,77.0,5.3338,"[5.1515, 6.0259, 6.3073, 6.2079, 5.7943, 5.3543, 5.0257, 5.3468, 5.491, 4.9, 4.2058, 4.2557]",24.21,"[22.5, 24.73, 27.18, 27.71, 25.92, 24.09, 23.25, 23.23, 23.35, 23.56, 22.89, 22.23]",65.36,"[40.98, 33.42, 43.18, 58.33, 70.46, 82.17, 85.85, 83.02, 76.65, 75.05, 72.49, 60.79]"
10.5,77.5,5.3338,"[5.1515, 6.0259, 6.3073, 6.2079, 5.7943, 5.3543, 5.0257, 5.3468, 5.491, 4.9, 4.2058, 4.2557]",25.25,"[22.39, 24.42, 27.52, 29.23, 27.81, 25.89, 25.11, 25.13, 25.12, 24.77, 23.3, 22.34]",65.36,"[40.98, 33.42, 43.18, 58.33, 70.46, 82.17, 85.85, 83.02, 76.65, 75.05, 72.49, 60.79]"
10.5,78.0,5.4922,"[5.0608, 5.9562, 6.369, 6.4746, 6.0109, 5.7609, 5.5269, 5.6953, 5.6844, 5.0148, 4.2111, 4.1884]",27.26,"[23.68, 25.74, 28.99, 30.87, 30.17, 28.77, 28.19, 27.97, 27.62, 26.69, 24.69, 23.65]",61.56,"[40.27, 32.27, 39.68, 51.27, 64.28, 76.5, 81.5, 78.2, 73.13, 71.0, 70.05, 58.69]"
10.5,78.5,5.4922,"[5.0608, 5.9562, 6.369, 6.4746, 6.0109, 5.7609, 5.5269, 5.6953, 5.6844, 5.0148, 4.2111, 4.1884]",28.06,"[24.24, 26.18, 29.29, 31.23, 30.9, 30.03, 29.69, 29.27, 28.65, 27.46, 25.38, 24.31]",61.56,"[40.27, 32.27, 39.68, 51.27, 64.28, 76.5, 81.5, 78.2, 73.13, 71.0, 70.05, 58.69]"
10.5,79.0,5.3838,"[4.9155, 5.8369, 6.3049, 6.3248, 5.9056, 5.7277, 5.5081, 5.6834, 5.6209, 4.7983, 3.9786, 4.0452]",28.06,"[24.24, 26.18, 29.29, 31.23, 30.9, 30.03, 29.69, 29.27, 28.65, 27.46, 25.38, 24.31]",60.55,"[45.17, 37.1, 37.06, 47.06, 59.56, 71.89, 78.01, 74.12, 71.31, 69.39, 72.5, 62.0]"
10.5,79.5,5.3838,"[4.9155, 5.8369, 6.3049, 6.3248, 5.9056, 5.7277, 5.5081, 5.6834, 5.6209, 4.7983, 3.9786, 4.0452]",28.34,"[24.68, 26.23, 28.81, 30.69, 30.89, 30.49, 30.23, 29.73, 29.14, 28.02, 26.08, 24.98]",60.55,"[45.17, 37.1, 37.06, 47.06, 59.56, 71.89, 78.01, 74.12, 71.31, 69.39, 72.5, 62.0]"
10.5,80.0,5.5997,"[5.2343, 6.1047, 6.6242, 6.598, 6.0263, 5.8321, 5.6102, 5.8142, 5.7894, 5.0748, 4.2483, 4.2875]",28.33,"[25.83, 26.53, 28.13, 29.73, 30.12, 29.86, 29.66, 29.21, 28.9, 28.35, 27.23, 26.35]",61.08,"[47.54, 38.43, 34.61, 44.31, 62.34, 72.66, 76.84, 73.54, 71.47, 69.39, 74.48, 65.87]"
10.5,80.5,5.5997,"[5.2343, 6.1047, 6.6242, 6.598, 6.0263, 5.8321, 5.6102, 5.8142, 5.7894, 5.0748, 4.2483, 4.2875]",28.25,"[26.36, 26.65, 27.74, 29.2, 29.76, 29.46, 29.18, 28.79, 28.64, 28.36, 27.76, 27.04]",61.08,"[47.54, 38.43, 34.61, 44.31, 62.34, 72.66, 76.84, 73.54, 71.47, 69.39, 74.48, 65.87]"
10.5,81.0,5.5587,"[5.226, 6.0912, 6.6545, 6.5459, 5.9105, 5.7004, 5.4975, 5.7143, 5.646, 5.088, 4.3592, 4.3189]",28.25,"[26.43, 26.67, 27.65, 29.08, 29.78, 29.48, 29.12, 28.78, 28.65, 28.31, 27.8, 27.15]",65.79,"[55.33, 45.34, 39.16, 49.17, 67.31, 77.85, 79.31, 76.38, 76.63, 73.75, 77.79, 70.17]"
11.0,75.5,5.2001,"[5.5454, 6.2071, 6.4489, 6.2572, 5.4781, 4.1191, 3.9067, 4.5845, 5.0504, 4.9911, 4.8762, 5.0106]",27.7,"[27.52, 28.36, 29.11, 29.27, 28.84, 27.74, 26.61, 26.35, 26.61, 27.17, 27.49, 27.4]",62.22,"[32.04, 27.98, 34.75, 50.41, 72.26, 89.78, 91.97, 87.19, 79.38, 72.4, 61.49, 44.98]"
11.0,76.0,5.0927,"[5.4399, 6.2032, 6.3435, 6.0919, 5.474, 4.5789, 4.0287, 4.3971, 4.8237, 4.6643, 4.4582, 4.6957]",25.31,"[24.58, 26.46, 28.11, 28.16, 26.76, 25.0, 24.08, 24.02, 24.2, 24.5, 24.19, 23.8]",69.26,"[42.3, 37.69, 45.68, 61.4, 77.1, 89.39, 93.6, 91.31, 84.64, 78.3, 71.0, 56.84]"
11.0,76.5,5.0927,"[5.4399, 6.2032, 6.3435, 6.0919, 5.474, 4.5789, 4.0287, 4.3971, 4.8237, 4.6643, 4.4582, 4.6957]",25.31,"[24.58, 26.46, 28.11, 28.16, 26.76, 25.0, 24.08, 24.02, 24.2, 24.5, 24.19, 23.8]",69.26,"[42.3, 37.69, 45.68, 61.4, 77.1, 89.39, 93.6, 91.31, 84.64, 78.3, 71.0, 56.84]"
11.0,77.0,5.4071,"[5.3022, 6.1817, 6.4593, 6.4223, 5.9782, 5.385, 4.8723, 5.1275, 5.3936, 5.0082, 4.3854, 4.4381]",24.56,"[22.48, 24.76, 27.51, 28.43, 26.6, 24.65, 23.82, 23.82, 23.88, 23.87, 22.89, 22.12]",62.07,"[34.62, 28.09, 36.69, 51.57, 66.99, 81.19, 87.1, 84.96, 78.77, 71.57, 67.58, 53.59]"
11.0,77.5,5.4071,"[5.3022, 6.1817, 6.4593, 6.4223, 5.9782, 5.385, 4.8723, 5.1275, 5.3936, 5.0082, 4.3854, 4.4381]",27.07,"[24.08, 26.32, 29.52, 31.28, 29.64, 27.84, 27.17, 27.16, 26.99, 26.36, 24.7, 23.82]",62.07,"[34.62, 28.09, 36.69, 51.57, 66.99, 81.19, 87.1, 84.96, 78.77, 71.57, 67.58, 53.59]"
11.0,78.0,5.3688,"[5.0615, 6.0389, 6.3709, 6.4487, 5.9397, 5.5759, 5.1835, 5.3519, 5.4458, 4.83, 4.1187, 4.1244]",27.46,"[24.01, 26.17, 29.46, 31.43, 30.31, 28.81, 28.27, 28.05, 27.61, 26.74, 24.81, 23.83]",61.37,"[37.14, 29.41, 35.38, 47.45, 65.05, 78.82, 84.32, 82.1, 77.37, 71.21, 69.32, 56.85]"
11.0,78.5,5.3688,"[5.0615, 6.0389, 6.3709, 6.4487, 5.9397, 5.5759, 5.1835, 5.3519, 5.4458, 4.83, 4.1187, 4.1244]",27.59,"[23.72, 25.71, 29.01, 31.17, 30.69, 29.49, 29.04, 28.65, 28.01, 26.92, 24.88, 23.78]",61.37,"[37.14, 29.41, 35.38, 47.45, 65.05, 78.82, 84.32, 82.1, 77.37, 71.21, 69.32, 56.85]"
11.0,79.0,5.3542,"[4.9243, 5.8793, 6.3029, 6.4583, 6.0241, 5.6673, 5.3122, 5.4944, 5.4562, 4.745, 4.0156, 4.0236]",27.59,"[23.72, 25.71, 29.01, 31.17, 30.69, 29.49, 29.04, 28.65, 28.01, 26.92, 24.88, 23.78]",61.22,"[41.23, 33.45, 35.5, 43.68, 59.27, 76.05, 81.84, 78.85, 77.17, 73.11, 74.37, 58.53]"
11.0,79.5,5.3542,"[4.9243, 5.8793, 6.3029, 6.4583, 6.0241, 5.6673, 5.3122, 5.4944, 5.4562, 4.745, 4.0156, 4.0236]",28.2,"[24.21, 25.84, 28.77, 30.96, 31.25, 30.59, 30.17, 29.62, 28.89, 27.75, 25.68, 24.53]",61.22,"[41.23, 33.45, 35.5, 43.68, 59.27, 76.05, 81.84, 78.85, 77.17, 73.11, 74.37, 58.53]"
11.0,80.0,5.5031,"[5.2253, 6.1161, 6.607, 6.6083, 5.9773, 5.6941, 5.3742, 5.5925, 5.4893, 4.952, 4.197, 4.2574]",28.31,"[25.56, 26.31, 28.07, 29.78, 30.36, 30.08, 29.78, 29.31, 28.92, 28.28, 27.04, 26.1]",63.33,"[47.99, 38.05, 35.39, 43.87, 63.67, 77.6, 82.19, 79.2, 76.43, 71.97, 76.12, 65.91]"
11.0,80.5,5.5031,"[5.2253, 6.1161, 6.607, 6.6083, 5.9773, 5.6941, 5.3742, 5.5925, 5.4893, 4.952, 4.197, 4.2574]",28.27,"[26.31, 26.57, 27.67, 29.18, 29.83, 29.56, 29.26, 28.86, 28.69, 28.41, 27.76, 27.0]",63.33,"[47.99, 38.05, 35.39, 43.87, 63.67, 77.6, 82.19, 79.2, 76.43, 71.97, 76.12, 65.91]"
11.0,81.0,5.47,"[5.2588, 6.1562, 6.6546, 6.5813, 5.8553, 5.5297, 5.2681, 5.499, 5.3012, 4.9688, 4.3202, 4.3034]",28.24,"[26.36, 26.57, 27.59, 29.08, 29.83, 29.53, 29.16, 28.81, 28.65, 28.34, 27.81, 27.1]",64.68,"[51.6, 40.62, 36.01, 45.11, 65.65, 79.59, 82.08, 78.87, 78.21, 72.42, 76.79, 67.79]"
11.5,75.5,5.2001,"[5.5454, 6.2071, 6.4489, 6.2572, 5.4781, 4.1191, 3.9067, 4.5845, 5.0504, 4.9911, 4.8762, 5.0106]",26.72,"[26.43, 27.66, 28.69, 28.77, 27.94, 26.57, 25.56, 25.34, 25.56, 26.03, 26.18, 26.03]",62.22,"[32.04, 27.98, 34.75, 50.41, 72.26, 89.78, 91.97, 87.19, 79.38, 72.4, 61.49, 44.98]"
11.5,76.0,5.0927,"[5.4399, 6.2032, 6.3435, 6.0919, 5.474, 4.5789, 4.0287, 4.3971, 4.8237, 4.6643, 4.4582, 4.6957]",23.61,"[22.45, 24.48, 26.52, 26.96, 25.37, 23.29, 22.42, 22.43, 22.58, 22.82, 22.28, 21.78]",69.26,"[42.3, 37.69, 45.68, 61.4, 77.1, 89.39, 93.6, 91.31, 84.64, 78.3, 71.0, 56.84]"
11.5,76.5,5.0927,"[5.4399, 6.2032, 6.3435, 6.0919, 5.474, 4.5789, 4.0287, 4.3971, 4.8237, 4.6643, 4.4582, 4.6957]",23.61,"[22.45, 24.48, 26.52, 26.96, 25.37, 23.29, 22.42, 22.43, 22.58, 22.82, 22.28, 21.78]",69.26,"[42.3, 37.69, 45.68, 61.4, 77.1, 89.39, 93.6, 91.31, 84.64, 78.3, 71.0, 56.84]"
11.5,77.0,5.4071,"[5.3022, 6.1817, 6.4593, 6.4223, 5.9782, 5.385, 4.8723, 5.1275, 5.3936, 5.0082, 4.3854, 4.4381]",23.5,"[21.26, 23.38, 26.16, 27.48, 25.8, 23.68, 22.89, 22.96, 22.98, 22.81, 21.66, 20.91]",62.07,"[34.62, 28.09, 36.69, 51.57, 66.99, 81.19, 87.1, 84.96, 78.77, 71.57, 67.58, 53.59]"
11.5,77.5,5.4071,"[5.3022, 6.1817, 6.4593, 6.4223, 5.9782, 5.385, 4.8723, 5.1275, 5.3936, 5.0082, 4.3854, 4.4381]",26.43,"[23.38, 25.69, 28.82, 30.62, 29.18, 27.38, 26.79, 26.69, 26.32, 25.5, 23.82, 23.04]",62.07,"[34.62, 28.09, 36.69, 51.57, 66.99, 81.19, 87.1, 84.96, 78.77, 71.57, 67.58, 53.59]"
11.5,78.0,5.3688,"[5.0615, 6.0389, 6.3709, 6.4487, 5.9397, 5.5759, 5.1835, 5.3519, 5.4458, 4.83, 4.1187, 4.1244]",26.97,"[23.47, 25.77, 29.07, 31.09, 29.95, 28.36, 27.89, 27.59, 27.01, 26.06, 24.17, 23.22]",61.37,"[37.14, 29.41, 35.38, 47.45, 65.05, 78.82, 84.32, 82.1, 77.37, 71.21, 69.32, 56.85]"
11.5,78.5,5.3688,"[5.0615, 6.0389, 6.3709, 6.4487, 5.9397, 5.5759, 5.1835, 5.3519, 5.4458, 4.83, 4.1187, 4.1244]",26.8,"[22.89, 24.92, 28.26, 30.52, 30.11, 28.73, 28.26, 27.8, 27.08, 26.0, 24.04, 22.94]",61.37,"[37.14, 29.41, 35.38, 47.45, 65.05, 78.82, 84.32, 82.1, 77.37, 71.21, 69.32, 56.85]"
11.5,79.0,5.3542,"[4.9243, 5.8793, 6.3029, 6.4583, 6.0241, 5.6673, 5.3122, 5.4944, 5.4562, 4.745, 4.0156, 4.0236]",26.8,"[22.89, 24.92, 28.26, 30.52, 30.11, 28.73, 28.26, 27.8, 27.08, 26.0, 24.04, 22.94]",61.22,"[41.23, 33.45, 35.5, 43.68, 59.27, 76.05, 81.84, 78.85, 77.17, 73.11, 74.37, 58.53]"
11.5,79.5,5.3542,"[4.9243, 5.8793, 6.3029, 6.4583, 6.0241, 5.6673, 5.3122, 5.4944, 5.4562, 4.745, 4.0156, 4.0236]",28.1,"[24.08, 25.65, 28.63, 30.94, 31.42, 30.63, 30.13, 29.47, 28.64, 27.56, 25.56, 24.38]",61.22,"[41.23, 33.45, 35.5, 43.68, 59.27, 76.05, 81.84, 78.85, 77.17, 73.11, 74.37, 58.53]"
11.5,80.0,5.5031,"[5.2253, 6.1161, 6.607, 6.6083, 5.9773, 5.6941, 5.3742, 5.5925, 5.4893, 4.952, 4.197, 4.2574]",28.24,"[25.41, 26.09, 27.9, 29.69, 30.44, 30.14, 29.76, 29.26, 28.81, 28.24, 26.99, 25.99]",63.33,"[47.99, 38.05, 35.39, 43.87, 63.67, 77.6, 82.19, 79.2, 76.43, 71.97, 76.12, 65.91]"
11.5,80.5,5.5031,"[5.2253, 6.1161, 6.607, 6.6083, 5.9773, 5.6941, 5.3742, 5.5925, 5.4893, 4.952, 4.197, 4.2574]",28.26,"[26.23, 26.48, 27.63, 29.17, 29.88, 29.63, 29.29, 28.89, 28.71, 28.44, 27.75, 26.93]",63.33,"[47.99, 38.05, 35.39, 43.87, 63.67, 77.6, 82.19, 79.2, 76.43, 71.97, 76.12, 65.91]"
11.5,81.0,5.47,"[5.2588, 6.1562, 6.6546, 6.5813, 5.8553, 5.5297, 5.2681, 5.499, 5.3012, 4.9688, 4.3202, 4.3034]",28.23,"[26.27, 26.47, 27.54, 29.07, 29.87, 29.58, 29.18, 28.83, 28.66, 28.38, 27.81, 27.04]",64.68,"[51.6, 40.62, 36.01, 45.11, 65.65, 79.59, 82.08, 78.87, 78.21, 72.42, 76.79, 67.79]"
12.0,75.5,4.9992,"[5.4508, 6.133, 6.3869, 6.221, 5.5056, 4.0091, 3.4345, 3.923, 4.5339, 4.789, 4.7878, 4.9035]",25.04,"[24.22, 26.02, 27.59, 27.8, 26.6, 24.82, 23.93, 23.82, 23.98, 24.24, 23.96, 23.62]",67.55,"[41.57, 36.89, 42.0, 56.43, 75.9, 92.07, 95.7, 92.88, 84.61, 74.66, 63.19, 52.85]"
12.0,76.0,5.3433,"[5.4504, 6.2473, 6.5278, 6.5062, 5.9783, 5.036, 4.3894, 4.6468, 5.0485, 5.0065, 4.6321, 4.7266]",23.37,"[21.77, 24.23, 26.73, 27.36, 25.46, 23.08, 22.19, 22.21, 22.32, 22.47, 21.69, 21.06]",60.87,"[30.21, 26.48, 33.46, 48.05, 67.05, 85.4, 92.08, 88.75, 80.1, 69.45, 60.49, 46.8]"
12.0,76.5,5.3433,"[5.4504, 6.2473, 6.5278, 6.5062, 5.9783, 5.036, 4.3894, 4.6468, 5.0485, 5.0065, 4.6321, 4.7266]",23.37,"[21.77, 24.23, 26.73, 27.36, 25.46, 23.08, 22.19, 22.21, 22.32, 22.47, 21.69, 21.06]",60.87,"[30.21, 26.48, 33.46, 48.05, 67.05, 85.4, 92.08, 88.75, 80.1, 69.45, 60.49, 46.8]"
12.0,77.0,5.4085,"[5.431, 6.2755, 6.5696, 6.5749, 6.1068, 5.3463, 4.6348, 4.8464, 5.1703, 4.9857, 4.4782, 4.5584]",23.87,"[21.84, 24.1, 26.89, 28.17, 26.21, 23.88, 23.09, 23.15, 23.14, 22.95, 21.85, 21.22]",59.15,"[26.25, 21.79, 31.14, 47.44, 65.05, 82.54, 90.06, 87.69, 79.87, 69.21, 60.48, 46.02]"
12.0,77.5,5.4085,"[5.431, 6.2755, 6.5696, 6.5749, 6.1068, 5.3463, 4.6348, 4.8464, 5.1703, 4.9857, 4.4782, 4.5584]",24.87,"[21.99, 24.31, 27.46, 29.19, 27.7, 25.67, 24.97, 24.84, 24.49, 23.82, 22.37, 21.61]",59.15,"[26.25, 21.79, 31.14, 47.44, 65.05, 82.54, 90.06, 87.69, 79.87, 69.21, 60.48, 46.02]"
12.0,78.0,5.3688,"[5.1354, 6.1146, 6.4823, 6.5868, 6.009, 5.5305, 5.0141, 5.1575, 5.264, 4.8328, 4.1955, 4.1733]",25.87,"[22.39, 24.77, 28.09, 30.16, 29.08, 27.21, 26.59, 26.3, 25.75, 24.87, 23.09, 22.13]",59.9,"[33.55, 26.43, 31.38, 43.69, 64.19, 79.58, 87.34, 84.42, 78.88, 68.88, 64.38, 53.89]"
12.0,78.5,5.3688,"[5.1354, 6.1146, 6.4823, 6.5868, 6.009, 5.5305, 5.0141, 5.1575, 5.264, 4.8328, 4.1955, 4.1733]",26.26,"[22.34, 24.43, 27.79, 30.12, 29.85, 28.24, 27.6, 27.12, 26.41, 25.34, 23.46, 22.35]",59.9,"[33.55, 26.43, 31.38, 43.69, 64.19, 79.58, 87.34, 84.42, 78.88, 68.88, 64.38, 53.89]"
12.0,79.0,5.357,"[4.9178, 5.902, 6.3689, 6.5951, 6.1014, 5.6429, 5.2002, 5.3564, 5.366, 4.806, 4.0616, 4.0234]",26.26,"[22.34, 24.43, 27.79, 30.12, 29.85, 28.24, 27.6, 27.12, 26.41, 25.34, 23.46, 22.35]",59.12,"[37.58, 30.88, 33.78, 40.1, 57.64, 77.6, 85.15, 81.73, 75.17, 66.47, 66.37, 55.16]"
12.0,79.5,5.357,"[4.9178, 5.902, 6.3689, 6.5951, 6.1014, 5.6429, 5.2002, 5.3564, 5.366, 4.806, 4.0616, 4.0234]",27.81,"[23.66, 25.33, 28.42, 30.85, 31.48, 30.49, 29.8, 29.06, 28.21, 27.15, 25.17, 23.94]",59.12,"[37.58, 30.88, 33.78, 40.1, 57.64, 77.6, 85.15, 81.73, 75.17, 66.47, 66.37, 55.16]"
12.0,80.0,5.32,"[5.1021, 5.9463, 6.4436, 6.5674, 5.9075, 5.4403, 5.0452, 5.203, 5.1698, 4.7975, 4.1083, 4.1655]",28.1,"[25.06, 25.82, 27.83, 29.73, 30.55, 30.19, 29.7, 29.12, 28.61, 28.05, 26.73, 25.64]",58.4,"[38.91, 29.68, 30.68, 38.95, 57.3, 77.02, 83.05, 79.63, 73.95, 64.97, 67.84, 56.99]"
12.0,80.5,5.32,"[5.1021, 5.9463, 6.4436, 6.5674, 5.9075, 5.4403, 5.0452, 5.203, 5.1698, 4.7975, 4.1083, 4.1655]",28.24,"[26.11, 26.38, 27.61, 29.16, 29.91, 29.68, 29.31, 28.93, 28.72, 28.47, 27.71, 26.81]",58.4,"[38.91, 29.68, 30.68, 38.95, 57.3, 77.02, 83.05, 79.63, 73.95, 64.97, 67.84, 56.99]"
12.0,81.0,5.4331,"[5.2766, 6.165, 6.6467, 6.6823, 5.9886, 5.4026, 5.0941, 5.3084, 5.0951, 4.9608, 4.2856, 4.3476]",28.22,"[26.17, 26.37, 27.52, 29.06, 29.9, 29.62, 29.19, 28.85, 28.67, 28.42, 27.81, 26.95]",63.28,"[47.53, 36.14, 34.65, 41.87, 62.09, 80.52, 84.17, 80.82, 79.21, 71.2, 74.76, 64.73]"
12.5,75.5,4.9992,"[5.4508, 6.133, 6.3869, 6.221, 5.5056, 4.0091, 3.4345, 3.923, 4.5339, 4.789, 4.7878, 4.9035]",23.89,"[22.51, 24.79, 26.93, 27.31, 25.86, 23.63, 22.76, 22.72, 22.84, 23.04, 22.45, 21.91]",67.55,"[41.57, 36.89, 42.0, 56.43, 75.9, 92.07, 95.7, 92.88, 84.61, 74.66, 63.19, 52.85]"
12.5,76.0,5.3433,"[5.4504, 6.2473, 6.5278, 6.5062, 5.9783, 5.036, 4.3894, 4.6468, 5.0485, 5.0065, 4.6321, 4.7266]",23.29,"[21.36, 23.9, 26.71, 27.58, 25.69, 23.17, 22.24, 22.23, 22.28, 22.32, 21.35, 20.7]",60.87,"[30.21, 26.48, 33.46, 48.05, 67.05, 85.4, 92.08, 88.75, 80.1, 69.45, 60.49, 46.8]"
12.5,76.5,5.3433,"[5.4504, 6.2473, 6.5278, 6.5062, 5.9783, 5.036, 4.3894, 4.6468, 5.0485, 5.0065, 4.6321, 4.7266]",23.29,"[21.36, 23.9, 26.71, 27.58, 25.69, 23.17, 22.24, 22.23, 22.28, 22.32, 21.35, 20.7]",60.87,"[30.21, 26.48, 33.46, 48.05, 67.05, 85.4, 92.08, 88.75, 80.1, 69.45, 60.49, 46.8]"
12.5,77.0,5.4085,"[5.431, 6.2755, 6.5696, 6.5749, 6.1068, 5.3463, 4.6348, 4.8464, 5.1703, 4.9857, 4.4782, 4.5584]",24.54,"[22.46, 24.86, 27.87, 29.18, 27.03, 24.57, 23.8, 23.78, 23.65, 23.39, 22.25, 21.69]",59.15,"[26.25, 21.79, 31.14, 47.44, 65.05, 82.54, 90.06, 87.69, 79.87, 69.21, 60.48, 46.02]"
12.5,77.5,5.4085,"[5.431, 6.2755, 6.5696, 6.5749, 6.1068, 5.3463, 4.6348, 4.8464, 5.1703, 4.9857, 4.4782, 4.5584]",24.46,"[21.67, 24.02, 27.28, 29.09, 27.46, 25.05, 24.3, 24.18, 23.87, 23.35, 22.04, 21.2]",59.15,"[26.25, 21.79, 31.14, 47.44, 65.05, 82.54, 90.06, 87.69, 79.87, 69.21, 60.48, 46.02]"
12.5,78.0,5.3688,"[5.1354, 6.1146, 6.4823, 6.5868, 6.009, 5.5305, 5.0141, 5.1575, 5.264, 4.8328, 4.1955, 4.1733]",24.84,"[21.56, 23.87, 27.15, 29.22, 28.23, 25.99, 25.24, 25.03, 24.56, 23.79, 22.18, 21.25]",59.9,"[33.55, 26.43, 31.38, 43.69, 64.19, 79.58, 87.34, 84.42, 78.88, 68.88, 64.38, 53.89]"
12.5,78.5,5.3688,"[5.1354, 6.1146, 6.4823, 6.5868, 6.009, 5.5305, 5.0141, 5.1575, 5.264, 4.8328, 4.1955, 4.1733]",26.01,"[22.08, 24.32, 27.77, 30.07, 29.8, 27.9, 27.13, 26.7, 26.04, 25.0, 23.21, 22.02]",59.9,"[33.55, 26.43, 31.38, 43.69, 64.19, 79.58, 87.34, 84.42, 78.88, 68.88, 64.38, 53.89]"
12.5,79.0,5.357,"[4.9178, 5.902, 6.3689, 6.5951, 6.1014, 5.6429, 5.2002, 5.3564, 5.366, 4.806, 4.0616, 4.0234]",26.01,"[22.08, 24.32, 27.77, 30.07, 29.8, 27.9, 27.13, 26.7, 26.04, 25.0, 23.21, 22.02]",59.12,"[37.58, 30.88, 33.78, 40.1, 57.64, 77.6, 85.15, 81.73, 75.17, 66.47, 66.37, 55.16]"
12.5,79.5,5.357,"[4.9178, 5.902, 6.3689, 6.5951, 6.1014, 5.6429, 5.2002, 5.3564, 5.366, 4.806, 4.0616, 4.0234]",27.25,"[22.77, 24.67, 28.2, 30.8, 31.39, 30.02, 29.12, 28.37, 27.51, 26.41, 24.46, 23.13]",59.12,"[37.58, 30.88, 33.78, 40.1, 57.64, 77.6, 85.15, 81.73, 75.17, 66.47, 66.37, 55.16]"
12.5,80.0,5.32,"[5.1021, 5.9463, 6.4436, 6.5674, 5.9075, 5.4403, 5.0452, 5.203, 5.1698, 4.7975, 4.1083, 4.1655]",27.96,"[24.5, 25.55, 28.01, 30.08, 30.96, 30.37, 29.65, 28.98, 28.35, 27.7, 26.24, 25.05]",58.4,"[38.91, 29.68, 30.68, 38.95, 57.3, 77.02, 83.05, 79.63, 73.95, 64.97, 67.84, 56.99]"
12.5,80.5,5.32,"[5.1021, 5.9463, 6.4436, 6.5674, 5.9075, 5.4403, 5.0452, 5.203, 5.1698, 4.7975, 4.1083, 4.1655]",28.22,"[25.9, 26.27, 27.64, 29.21, 30.02, 29.79, 29.36, 28.97, 28.72, 28.47, 27.59, 26.6]",58.4,"[38.91, 29.68, 30.68, 38.95, 57.3, 77.02, 83.05, 79.63, 73.95, 64.97, 67.84, 56.99]"
12.5,81.0,5.4331,"[5.2766, 6.165, 6.6467, 6.6823, 5.9886, 5.4026, 5.0941, 5.3084, 5.0951, 4.9608, 4.2856, 4.3476]",28.2,"[26.07, 26.29, 27.5, 29.06, 29.93, 29.65, 29.18, 28.85, 28.68, 28.46, 27.79, 26.85]",63.28,"[47.53, 36.14, 34.65, 41.87, 62.09, 80.52, 84.17, 80.82, 79.21, 71.2, 74.76, 64.73]"
13.0,75.5,5.1336,"[5.544, 6.252, 6.5528, 6.4591, 5.9236, 4.312, 3.5007, 3.923, 4.5361, 4.8815, 4.8361, 4.9695]",23.48,"[21.42, 23.76, 26.48, 27.35, 25.98, 23.45, 22.57, 22.49, 22.57, 22.71, 21.9, 21.16]",63.41,"[34.84, 31.06, 35.84, 48.87, 68.96, 90.09, 95.9, 92.84, 84.74, 70.32, 59.18, 46.38]"
13.0,76.0,5.4257,"[5.4444, 6.2455, 6.566, 6.6368, 6.2644, 5.2949, 4.5275, 4.7231, 5.004, 5.0499, 4.6701, 4.7531]",23.09,"[20.73, 23.26, 26.41, 27.63, 25.81, 23.18, 22.28, 22.19, 22.15, 22.14, 21.04, 20.27]",56.45,"[25.65, 24.52, 29.19, 41.75, 60.17, 80.91, 90.55, 86.84, 79.06, 64.11, 53.11, 39.61]"
13.0,76.5,5.4257,"[5.4444, 6.2455, 6.566, 6.6368, 6.2644, 5.2949, 4.5275, 4.7231, 5.004, 5.0499, 4.6701, 4.7531]",23.09,"[20.73, 23.26, 26.41, 27.63, 25.81, 23.18, 22.28, 22.19, 22.15, 22.14, 21.04, 20.27]",56.45,"[25.65, 24.52, 29.19, 41.75, 60.17, 80.91, 90.55, 86.84, 79.06, 64.11, 53.11, 39.61]"
13.0,77.0,5.5208,"[5.4589, 6.2861, 6.6306, 6.7389, 6.3557, 5.5799, 4.8206, 4.9733, 5.1432, 5.0901, 4.5847, 4.6555]",24.11,"[21.81, 24.23, 27.38, 28.85, 26.84, 24.26, 23.52, 23.45, 23.2, 22.94, 21.74, 21.13]",56.05,"[25.29, 24.83, 28.8, 40.9, 59.37, 79.47, 89.06, 85.77, 79.01, 63.52, 53.77, 40.92]"
13.0,77.5,5.5208,"[5.4589, 6.2861, 6.6306, 6.7389, 6.3557, 5.5799, 4.8206, 4.9733, 5.1432, 5.0901, 4.5847, 4.6555]",23.75,"[20.96, 23.27, 26.55, 28.43, 26.96, 24.32, 23.54, 23.43, 23.12, 22.63, 21.32, 20.47]",56.05,"[25.29, 24.83, 28.8, 40.9, 59.37, 79.47, 89.06, 85.77, 79.01, 63.52, 53.77, 40.92]"
13.0,78.0,5.4304,"[5.1744, 6.1246, 6.4978, 6.6914, 6.2275, 5.6187, 5.0253, 5.148, 5.2267, 4.9564, 4.3023, 4.2382]",23.82,"[20.6, 22.86, 26.15, 28.2, 27.32, 24.86, 24.12, 23.93, 23.51, 22.81, 21.24, 20.28]",57.0,"[28.71, 24.51, 29.21, 39.78, 59.57, 79.19, 88.12, 84.58, 77.94, 64.32, 58.1, 47.89]"
13.0,78.5,5.4304,"[5.1744, 6.1246, 6.4978, 6.6914, 6.2275, 5.6187, 5.0253, 5.148, 5.2267, 4.9564, 4.3023, 4.2382]",25.34,"[21.42, 23.67, 27.18, 29.53, 29.35, 27.15, 26.33, 25.94, 25.32, 24.33, 22.54, 21.31]",57.0,"[28.71, 24.51, 29.21, 39.78, 59.57, 79.19, 88.12, 84.58, 77.94, 64.32, 58.1, 47.89]"
13.0,79.0,5.2798,"[4.879, 5.9144, 6.3929, 6.6213, 6.1147, 5.4947, 5.0054, 5.1364, 5.1526, 4.7324, 4.0236, 3.9533]",25.34,"[21.42, 23.67, 27.18, 29.53, 29.35, 27.15, 26.33, 25.94, 25.32, 24.33, 22.54, 21.31]",57.29,"[32.82, 26.33, 28.8, 36.64, 56.28, 79.08, 87.15, 83.38, 76.5, 64.05, 62.51, 52.05]"
13.0,79.5,5.2798,"[4.879, 5.9144, 6.3929, 6.6213, 6.1147, 5.4947, 5.0054, 5.1364, 5.1526, 4.7324, 4.0236, 3.9533]",26.98,"[22.4, 24.5, 28.21, 30.87, 31.42, 29.67, 28.66, 27.98, 27.15, 26.06, 24.07, 22.65]",57.29,"[32.82, 26.33, 28.8, 36.64, 56.28, 79.08, 87.15, 83.38, 76.5, 64.05, 62.51, 52.05]"
13.0,80.0,5.1754,"[4.9195, 5.7938, 6.2859, 6.4865, 5.8809, 5.2084, 4.8089, 4.9534, 4.9737, 4.6929, 4.0818, 4.075]",27.93,"[24.13, 25.47, 28.31, 30.51, 31.41, 30.49, 29.59, 28.89, 28.21, 27.49, 25.9, 24.62]",55.39,"[33.42, 26.15, 28.13, 35.28, 52.82, 76.36, 84.0, 79.7, 72.97, 60.63, 62.45, 50.98]"
13.0,80.5,5.1754,"[4.9195, 5.7938, 6.2859, 6.4865, 5.8809, 5.2084, 4.8089, 4.9534, 4.9737, 4.6929, 4.0818, 4.075]",28.21,"[25.67, 26.15, 27.75, 29.36, 30.24, 29.96, 29.4, 29.0, 28.72, 28.44, 27.44, 26.35]",55.39,"[33.42, 26.15, 28.13, 35.28, 52.82, 76.36, 84.0, 79.7, 72.97, 60.63, 62.45, 50.98]"
13.0,81.0,5.3573,"[5.1846, 6.0743, 6.5187, 6.661, 6.0309, 5.2688, 4.9783, 5.095, 4.968, 4.9023, 4.3301, 4.3335]",28.18,"[25.95, 26.2, 27.49, 29.04, 29.96, 29.69, 29.15, 28.84, 28.69, 28.51, 27.76, 26.75]",61.38,"[42.98, 32.01, 34.28, 40.27, 59.82, 80.13, 85.22, 81.7, 78.61, 68.33, 70.64, 60.73]"
13.5,75.5,5.1336,"[5.544, 6.252, 6.5528, 6.4591, 5.9236, 4.312, 3.5007, 3.923, 4.5361, 4.8815, 4.8361, 4.9695]",22.63,"[19.91, 21.97, 25.04, 26.57, 25.54, 23.07, 22.17, 22.02, 22.05, 22.11, 21.05, 20.08]",63.41,"[34.84, 31.06, 35.84, 48.87, 68.96, 90.09, 95.9, 92.84, 84.74, 70.32, 59.18, 46.38]"
13.5,76.0,5.4257,"[5.4444, 6.2455, 6.566, 6.6368, 6.2644, 5.2949, 4.5275, 4.7231, 5.004, 5.0499, 4.6701, 4.7531]",23.69,"[21.15, 23.65, 26.92, 28.35, 26.68, 24.01, 23.09, 22.91, 22.77, 22.67, 21.45, 20.66]",56.45,"[25.65, 24.52, 29.19, 41.75, 60.17, 80.91, 90.55, 86.84, 79.06, 64.11, 53.11, 39.61]"
13.5,76.5,5.4257,"[5.4444, 6.2455, 6.566, 6.6368, 6.2644, 5.2949, 4.5275, 4.7231, 5.004, 5.0499, 4.6701, 4.7531]",23.69,"[21.15, 23.65, 26.92, 28.35, 26.68, 24.01, 23.09, 22.91, 22.77, 22.67, 21.45, 20.66]",56.45,"[25.65, 24.52, 29.19, 41.75, 60.17, 80.91, 90.55, 86.84, 79.06, 64.11, 53.11, 39.61]"
13.5,77.0,5.5208,"[5.4589, 6.2861, 6.6306, 6.7389, 6.3557, 5.5799, 4.8206, 4.9733, 5.1432, 5.0901, 4.5847, 4.6555]",24.27,"[21.77, 24.29, 27.55, 29.13, 27.28, 24.63, 23.83, 23.67, 23.39, 23.04, 21.73, 21.03]",56.05,"[25.29, 24.83, 28.8, 40.9, 59.37, 79.47, 89.06, 85.77, 79.01, 63.52, 53.77, 40.92]"
13.5,77.5,5.5208,"[5.4589, 6.2861, 6.6306, 6.7389, 6.3557, 5.5799, 4.8206, 4.9733, 5.1432, 5.0901, 4.5847, 4.6555]",24.02,"[21.05, 23.52, 26.94, 28.92, 27.5, 24.71, 23.91, 23.72, 23.37, 22.81, 21.38, 20.46]",56.05,"[25.29, 24.83, 28.8, 40.9, 59.37, 79.47, 89.06, 85.77, 79.01, 63.52, 53.77, 40.92]"
13.5,78.0,5.4304,"[5.1744, 6.1246, 6.4978, 6.6914, 6.2275, 5.6187, 5.0253, 5.148, 5.2267, 4.9564, 4.3023, 4.2382]",23.97,"[20.53, 22.94, 26.46, 28.67, 27.76, 25.1, 24.31, 24.04, 23.57, 22.87, 21.22, 20.19]",57.0,"[28.71, 24.51, 29.21, 39.78, 59.57, 79.19, 88.12, 84.58, 77.94, 64.32, 58.1, 47.89]"
13.5,78.5,5.4304,"[5.1744, 6.1246, 6.4978, 6.6914, 6.2275, 5.6187, 5.0253, 5.148, 5.2267, 4.9564, 4.3023, 4.2382]",24.87,"[20.88, 23.2, 26.8, 29.31, 29.1, 26.6, 25.78, 25.36, 24.74, 23.88, 22.03, 20.69]",57.0,"[28.71, 24.51, 29.21, 39.78, 59.57, 79.19, 88.12, 84.58, 77.94, 64.32, 58.1, 47.89]"
13.5,79.0,5.2798,"[4.879, 5.9144, 6.3929, 6.6213, 6.1147, 5.4947, 5.0054, 5.1364, 5.1526, 4.7324, 4.0236, 3.9533]",24.87,"[20.88, 23.2, 26.8, 29.31, 29.1, 26.6, 25.78, 25.36, 24.74, 23.88, 22.03, 20.69]",57.29,"[32.82, 26.33, 28.8, 36.64, 56.28, 79.08, 87.15, 83.38, 76.5, 64.05, 62.51, 52.05]"
13.5,79.5,5.2798,"[4.879, 5.9144, 6.3929, 6.6213, 6.1147, 5.4947, 5.0054, 5.1364, 5.1526, 4.7324, 4.0236, 3.9533]",26.6,"[21.88, 24.05, 27.86, 30.75, 31.32, 29.21, 28.25, 27.59, 26.76, 25.77, 23.57, 22.02]",57.29,"[32.82, 26.33, 28.8, 36.64, 56.28, 79.08, 87.15, 83.38, 76.5, 64.05, 62.51, 52.05]"
13.5,80.0,5.1754,"[4.9195, 5.7938, 6.2859, 6.4865, 5.8809, 5.2084, 4.8089, 4.9534, 4.9737, 4.6929, 4.0818, 4.075]",27.95,"[23.94, 25.28, 28.22, 30.66, 31.75, 30.64, 29.72, 29.04, 28.31, 27.57, 25.77, 24.4]",55.39,"[33.42, 26.15, 28.13, 35.28, 52.82, 76.36, 84.0, 79.7, 72.97, 60.63, 62.45, 50.98]"
13.5,80.5,5.1754,"[4.9195, 5.7938, 6.2859, 6.4865, 5.8809, 5.2084, 4.8089, 4.9534, 4.9737, 4.6929, 4.0818, 4.075]",28.29,"[25.6, 26.14, 27.8, 29.41, 30.44, 30.18, 29.55, 29.14, 28.83, 28.54, 27.44, 26.28]",55.39,"[33.42, 26.15, 28.13, 35.28, 52.82, 76.36, 84.0, 79.7, 72.97, 60.63, 62.45, 50.98]"
13.5,81.0,5.3573,"[5.1846, 6.0743, 6.5187, 6.661, 6.0309, 5.2688, 4.9783, 5.095, 4.968, 4.9023, 4.3301, 4.3335]",28.17,"[25.83, 26.12, 27.48, 29.02, 30.01, 29.78, 29.15, 28.86, 28.71, 28.56, 27.73, 26.64]",61.38,"[42.98, 32.01, 34.28, 40.27, 59.82, 80.13, 85.22, 81.7, 78.61, 68.33, 70.64, 60.73]"
14.0,75.5,5.4092,"[5.5292, 6.2783, 6.6999, 6.7946, 6.3776, 4.8958, 4.1259, 4.4548, 4.8455, 5.082, 4.911, 4.9881]",23.97,"[21.22, 23.69, 26.93, 28.5, 27.22, 24.32, 23.28, 23.09, 23.1, 23.21, 22.04, 21.06]",53.68,"[21.28, 18.78, 23.22, 36.64, 56.06, 84.01, 92.82, 87.87, 79.64, 61.24, 47.06, 33.51]"
14.0,76.0,5.5166,"[5.4499, 6.2746, 6.6627, 6.7651, 6.4464, 5.4628, 4.601, 4.8512, 5.0363, 5.1425, 4.7721, 4.8018]",24.6,"[22.06, 24.71, 27.96, 29.38, 27.75, 24.91, 23.89, 23.72, 23.65, 23.55, 22.23, 21.44]",51.3,"[16.41, 15.23, 23.31, 37.55, 55.13, 79.38, 90.05, 85.38, 77.84, 57.92, 44.92, 30.39]"
14.0,76.5,5.5166,"[5.4499, 6.2746, 6.6627, 6.7651, 6.4464, 5.4628, 4.601, 4.8512, 5.0363, 5.1425, 4.7721, 4.8018]",24.6,"[22.06, 24.71, 27.96, 29.38, 27.75, 24.91, 23.89, 23.72, 23.65, 23.55, 22.23, 21.44]",51.3,"[16.41, 15.23, 23.31, 37.55, 55.13, 79.38, 90.05, 85.38, 77.84, 57.92, 44.92, 30.39]"
14.0,77.0,5.5654,"[5.3792, 6.2277, 6.6654, 6.8542, 6.482, 5.7269, 4.851, 5.0798, 5.144, 5.1396, 4.6412, 4.6566]",25.13,"[22.31, 24.99, 28.37, 30.1, 28.51, 25.66, 24.77, 24.6, 24.35, 23.91, 22.44, 21.57]",51.72,"[18.62, 17.83, 23.23, 34.83, 53.68, 77.55, 88.55, 84.57, 77.53, 58.65, 49.28, 34.31]"
14.0,77.5,5.5654,"[5.3792, 6.2277, 6.6654, 6.8542, 6.482, 5.7269, 4.851, 5.0798, 5.144, 5.1396, 4.6412, 4.6566]",25.38,"[22.17, 24.89, 28.46, 30.6, 29.28, 26.17, 25.31, 25.1, 24.65, 24.04, 22.48, 21.45]",51.72,"[18.62, 17.83, 23.23, 34.83, 53.68, 77.55, 88.55, 84.57, 77.53, 58.65, 49.28, 34.31]"
14.0,78.0,5.4183,"[5.1406, 6.0781, 6.5318, 6.7831, 6.3861, 5.5942, 4.8137, 4.9859, 5.0985, 4.9629, 4.3863, 4.3235]",25.32,"[21.55, 24.21, 28.06, 30.51, 29.6, 26.57, 25.68, 25.4, 24.83, 24.1, 22.25, 21.07]",52.77,"[19.95, 16.78, 23.05, 33.92, 52.92, 78.86, 88.94, 85.46, 77.71, 60.89, 54.21, 38.42]"
14.0,78.5,5.4183,"[5.1406, 6.0781, 6.5318, 6.7831, 6.3861, 5.5942, 4.8137, 4.9859, 5.0985, 4.9629, 4.3863, 4.3235]",26.24,"[22.02, 24.64, 28.5, 31.22, 30.88, 27.93, 27.11, 26.72, 25.92, 25.09, 23.11, 21.65]",52.77,"[19.95, 16.78, 23.05, 33.92, 52.92, 78.86, 88.94, 85.46, 77.71, 60.89, 54.21, 38.42]"
14.0,79.0,5.2818,"[4.8602, 5.8911, 6.4408, 6.7242, 6.3042, 5.5218, 4.85, 5.0267, 5.0646, 4.7176, 4.047, 3.9963]",26.24,"[22.02, 24.64, 28.5, 31.22, 30.88, 27.93, 27.11, 26.72, 25.92, 25.09, 23.11, 21.65]",55.38,"[30.06, 25.39, 26.44, 33.28, 52.15, 77.29, 87.53, 83.19, 76.42, 63.22, 60.13, 47.62]"
14.0,79.5,5.2818,"[4.8602, 5.8911, 6.4408, 6.7242, 6.3042, 5.5218, 4.85, 5.0267, 5.0646, 4.7176, 4.047, 3.9963]",26.96,"[22.1, 24.38, 28.38, 31.44, 31.99, 29.47, 28.53, 27.92, 27.06, 26.18, 23.83, 22.17]",55.38,"[30.06, 25.39, 26.44, 33.28, 52.15, 77.29, 87.53, 83.19, 76.42, 63.22, 60.13, 47.62]"
14.0,80.0,5.1943,"[4.9323, 5.775, 6.2927, 6.5286, 6.014, 5.2191, 4.7874, 4.9476, 4.9006, 4.7012, 4.1406, 4.1443]",28.26,"[24.16, 25.49, 28.44, 30.87, 32.18, 31.01, 30.05, 29.38, 28.71, 27.99, 26.05, 24.61]",56.86,"[33.09, 28.05, 31.0, 38.53, 55.21, 77.7, 85.86, 81.67, 75.34, 61.74, 62.29, 50.18]"
14.0,80.5,5.1943,"[4.9323, 5.775, 6.2927, 6.5286, 6.014, 5.2191, 4.7874, 4.9476, 4.9006, 4.7012, 4.1406, 4.1443]",28.3,"[25.53, 26.09, 27.73, 29.29, 30.47, 30.33, 29.61, 29.19, 28.9, 28.62, 27.47, 26.26]",56.86,"[33.09, 28.05, 31.0, 38.53, 55.21, 77.7, 85.86, 81.67, 75.34, 61.74, 62.29, 50.18]"
14.0,81.0,5.3106,"[5.1059, 5.9861, 6.4423, 6.6728, 6.0957, 5.1825, 4.8778, 5.0097, 4.8938, 4.8413, 4.3486, 4.3254]",28.16,"[25.71, 26.07, 27.48, 29.01, 30.08, 29.89, 29.18, 28.88, 28.74, 28.61, 27.69, 26.53]",60.55,"[39.69, 31.1, 35.62, 40.43, 59.16, 80.49, 86.79, 82.08, 78.91, 67.1, 66.36, 56.99]"
14.5,75.5,5.4092,"[5.5292, 6.2783, 6.6999, 6.7946, 6.3776, 4.8958, 4.1259, 4.4548, 4.8455, 5.082, 4.911, 4.9881]",24.97,"[22.8, 25.36, 28.34, 29.57, 28.26, 25.0, 23.86, 23.74, 23.76, 23.89, 22.84, 22.33]",53.68,"[21.28, 18.78, 23.22, 36.64, 56.06, 84.01, 92.82, 87.87, 79.64, 61.24, 47.06, 33.51]"
14.5,76.0,5.5166,"[5.4499, 6.2746, 6.6627, 6.7651, 6.4464, 5.4628, 4.601, 4.8512, 5.0363, 5.1425, 4.7721, 4.8018]",25.16,"[22.69, 25.32, 28.45, 29.84, 28.47, 25.41, 24.38, 24.29, 24.22, 24.09, 22.76, 22.07]",51.3,"[16.41, 15.23, 23.31, 37.55, 55.13, 79.38, 90.05, 85.38, 77.84, 57.92, 44.92, 30.39]"
14.5,76.5,5.5166,"[5.4499, 6.2746, 6.6627, 6.7651, 6.4464, 5.4628, 4.601, 4.8512, 5.0363, 5.1425, 4.7721, 4.8018]",25.16,"[22.69, 25.32, 28.45, 29.84, 28.47, 25.41, 24.38, 24.29, 24.22, 24.09, 22.76, 22.07]",51.3,"[16.41, 15.23, 23.31, 37.55, 55.13, 79.38, 90.05, 85.38, 77.84, 57.92, 44.92, 30.39]"
14.5,77.0,5.5654,"[5.3792, 6.2277, 6.6654, 6.8542, 6.482, 5.7269, 4.851, 5.0798, 5.144, 5.1396, 4.6412, 4.6566]",25.82,"[22.8, 25.47, 28.9, 30.8, 29.59, 26.42, 25.48, 25.39, 25.09, 24.62, 23.09, 22.2]",51.72,"[18.62, 17.83, 23.23, 34.83, 53.68, 77.55, 88.55, 84.57, 77.53, 58.65, 49.28, 34.31]"
14.5,77.5,5.5654,"[5.3792, 6.2277, 6.6654, 6.8542, 6.482, 5.7269, 4.851, 5.0798, 5.144, 5.1396, 4.6412, 4.6566]",26.66,"[23.21, 25.98, 29.61, 31.96, 30.99, 27.54, 26.68, 26.52, 25.89, 25.25, 23.64, 22.59]",51.72,"[18.62, 17.83, 23.23, 34.83, 53.68, 77.55, 88.55, 84.57, 77.53, 58.65, 49.28, 34.31]"
14.5,78.0,5.4183,"[5.1406, 6.0781, 6.5318, 6.7831, 6.3861, 5.5942, 4.8137, 4.9859, 5.0985, 4.9629, 4.3863, 4.3235]",27.33,"[23.44, 26.28, 30.11, 32.82, 32.19, 28.55, 27.73, 27.49, 26.63, 25.89, 24.07, 22.78]",52.77,"[19.95, 16.78, 23.05, 33.92, 52.92, 78.86, 88.94, 85.46, 77.71, 60.89, 54.21, 38.42]"
14.5,78.5,5.4183,"[5.1406, 6.0781, 6.5318, 6.7831, 6.3861, 5.5942, 4.8137, 4.9859, 5.0985, 4.9629, 4.3863, 4.3235]",27.61,"[22.99, 25.77, 29.87, 32.99, 32.93, 29.45, 28.58, 28.18, 27.26, 26.45, 24.2, 22.57]",52.77,"[19.95, 16.78, 23.05, 33.92, 52.92, 78.86, 88.94, 85.46, 77.71, 60.89, 54.21, 38.42]"
14.5,79.0,5.2818,"[4.8602, 5.8911, 6.4408, 6.7242, 6.3042, 5.5218, 4.85, 5.0267, 5.0646, 4.7176, 4.047, 3.9963]",27.61,"[22.99, 25.77, 29.87, 32.99, 32.93, 29.45, 28.58, 28.18, 27.26, 26.45, 24.2, 22.57]",55.38,"[30.06, 25.39, 26.44, 33.28, 52.15, 77.29, 87.53, 83.19, 76.42, 63.22, 60.13, 47.62]"
14.5,79.5,5.2818,"[4.8602, 5.8911, 6.4408, 6.7242, 6.3042, 5.5218, 4.85, 5.0267, 5.0646, 4.7176, 4.047, 3.9963]",27.73,"[22.55, 24.85, 28.98, 32.32, 33.25, 30.5, 29.44, 28.83, 27.92, 26.97, 24.4, 22.64]",55.38,"[30.06, 25.39, 26.44, 33.28, 52.15, 77.29, 87.53, 83.19, 76.42, 63.22, 60.13, 47.62]"
14.5,80.0,5.1943,"[4.9323, 5.775, 6.2927, 6.5286, 6.014, 5.2191, 4.7874, 4.9476, 4.9006, 4.7012, 4.1406, 4.1443]",28.38,"[24.12, 25.48, 28.39, 30.9, 32.48, 31.33, 30.29, 29.62, 28.91, 28.15, 26.12, 24.59]",56.86,"[33.09, 28.05, 31.0, 38.53, 55.21, 77.7, 85.86, 81.67, 75.34, 61.74, 62.29, 50.18]"
14.5,80.5,5.1943,"[4.9323, 5.775, 6.2927, 6.5286, 6.014, 5.2191, 4.7874, 4.9476, 4.9006, 4.7012, 4.1406, 4.1443]",28.33,"[25.45, 26.07, 27.7, 29.28, 30.58, 30.51, 29.69, 29.24, 28.97, 28.69, 27.45, 26.17]",56.86,"[33.09, 28.05, 31.0, 38.53, 55.21, 77.7, 85.86, 81.67, 75.34, 61.74, 62.29, 50.18]"
14.5,81.0,5.3106,"[5.1059, 5.9861, 6.4423, 6.6728, 6.0957, 5.1825, 4.8778, 5.0097, 4.8938, 4.8413, 4.3486, 4.3254]",28.17,"[25.62, 26.05, 27.5, 29.02, 30.14, 30.0, 29.21, 28.9, 28.77, 28.66, 27.65, 26.43]",60.55,"[39.69, 31.1, 35.62, 40.43, 59.16, 80.49, 86.79, 82.08, 78.91, 67.1, 66.36, 56.99]"
